{"cameraMode":{"drawMode":0,"name":"Shaded","section":"Shading Mode"},"sceneLighting":true,"audioPlay":false,"sceneViewState":{"m_AlwaysRefresh":false,"showFog":true,"showSkybox":true,"showFlares":true,"showImageEffects":true,"showParticleSystems":true,"showVisualEffectGraphs":true,"m_FxEnabled":true},"in2DMode":false,"pivot":{"x":0.000054836273193359375,"y":1.0760536193847657,"z":0.2758517265319824},"rotation":{"x":0.5370799899101257,"y":-0.3043360710144043,"z":0.2160750776529312,"w":0.7564630508422852},"size":0.13534311950206757,"orthographic":true}